wheel-base,length,width,height,curb-weight,engine-size,bore,stroke,compression-ratio,horsepower,peak-rpm,city-mpg,highway-mpg,fuel-type_gas,aspiration_turbo,num-of-doors_two,body-style_hardtop,body-style_hatchback,body-style_sedan,body-style_wagon,drive-wheels_fwd,drive-wheels_rwd,price
-1.7287609329833833,-0.4885279153790356,-0.8935326974119633,-2.0716161893824903,-0.06660718587496185,0.056654783672937345,0.4425775108392114,-1.8458872549772485,-0.2875254086625555,0.13673883079620572,-0.28918188306246084,-0.6151825194225586,-0.5081905042331347,1,0,1,0,0,0,0,0,1,13495.0
-1.7287609329833833,-0.4885279153790356,-0.8935326974119633,-2.0716161893824903,-0.06660718587496185,0.056654783672937345,0.4425775108392114,-1.8458872549772485,-0.2875254086625555,0.13673883079620572,-0.28918188306246084,-0.6151825194225586,-0.5081905042331347,1,0,1,0,0,0,0,0,1,16500.0
-0.7648498527209385,-0.295752238511784,-0.24797922898448338,-0.5985171841525606,0.46499423409138374,0.5986787060268496,-2.3794201302715856,0.710131905613781,-0.2875254086625555,1.2331399502332598,-0.28918188306246084,-0.9245558837671592,-0.6550311692379153,1,0,1,0,1,0,0,0,1,16500.0
0.10103637192159547,0.1379930344395368,0.07479750522925657,0.1789517352743459,-0.4744904571945943,-0.460731687664888,-0.5576241847443631,0.48364919518166355,-0.035146904982535664,-0.09274047327201489,0.7772693151953307,-0.15112247290565758,-0.06766850921879304,1,0,0,0,0,1,0,1,0,13950.0
0.03568646817499049,0.1379930344395368,0.16701942929032607,0.1789517352743459,0.46692733016398863,0.20447948976945887,-0.5576241847443631,0.48364919518166355,-0.5399039123425753,0.23872963260430377,0.7772693151953307,-1.0792425659394596,-1.2423938292570373,1,0,0,0,0,1,0,0,0,17450.0
0.10103637192159547,0.19421927352582044,0.12090846725978804,-0.31208126646896206,-0.14586412485176245,0.20447948976945887,-0.5576241847443631,0.48364919518166355,-0.4137146605025654,0.11124113034418122,0.7772693151953307,-0.9245558837671592,-0.8018718342426958,1,0,1,0,0,1,0,1,0,15250.0
1.081284928120691,1.4311965334240284,2.4725675308170305,0.7518235706415429,0.5055892516160865,0.20447948976945887,-0.5576241847443631,0.48364919518166355,-0.4137146605025654,0.11124113034418122,0.7772693151953307,-0.9245558837671592,-0.8018718342426958,1,0,0,0,0,1,0,1,0,17710.0
1.081284928120691,1.4311965334240284,2.4725675308170305,0.7518235706415429,0.7182298196026248,0.20447948976945887,-0.5576241847443631,0.48364919518166355,-0.4137146605025654,0.11124113034418122,0.7772693151953307,-0.9245558837671592,-0.8018718342426958,1,0,0,0,0,0,1,1,0,18920.0
1.081284928120691,1.4311965334240284,2.4725675308170305,0.8336624042654261,0.9733985011864706,0.08129223468902426,-0.771953119512272,0.48364919518166355,-0.4641903612385692,0.8761721439049166,0.7772693151953307,-1.2339292481117599,-1.5360751592665987,1,1,0,0,0,1,0,1,0,23875.0
0.3297610350347187,0.15405767417847596,-0.5707559631982233,0.1789517352743459,-0.3623708849835105,-0.4853691386809749,0.549741978223165,-1.4576311799507642,-0.33800110939855926,-0.1182381737240394,1.4171400341500058,-0.3058091550779579,-0.2145091742235736,1,0,1,0,0,1,0,0,1,16430.0
0.3297610350347187,0.15405767417847596,-0.5707559631982233,0.1789517352743459,-0.3623708849835105,-0.4853691386809749,0.549741978223165,-1.4576311799507642,-0.33800110939855926,-0.1182381737240394,1.4171400341500058,-0.3058091550779579,-0.2145091742235736,1,0,0,0,0,1,0,0,1,16925.0
0.3297610350347187,0.15405767417847596,-0.5707559631982233,0.1789517352743459,0.24655437788703083,0.8943281182198927,-0.12896631520854548,-0.19579893611468593,-0.2875254086625555,0.3917158353164509,-1.8888586804491483,-0.6151825194225586,-0.3613498392283541,1,0,1,0,0,1,0,0,1,20970.0
0.3297610350347187,0.15405767417847596,-0.5707559631982233,0.1789517352743459,0.3528746618803,0.8943281182198927,-0.12896631520854548,-0.19579893611468593,-0.2875254086625555,0.3917158353164509,-1.8888586804491483,-0.6151825194225586,-0.3613498392283541,1,0,0,0,0,1,0,0,1,21105.0
0.7055229815777049,1.1340006982536803,0.3975742394429965,0.7518235706415429,0.9134725229357189,0.8943281182198927,-0.12896631520854548,-0.19579893611468593,-0.2875254086625555,0.3917158353164509,-1.8888586804491483,-0.7698692015948589,-0.8018718342426958,1,0,0,0,0,1,0,0,1,24565.0
0.7055229815777049,1.1340006982536803,0.3975742394429965,0.7518235706415429,1.2517643356415753,2.003013413943804,0.9783998477589826,0.4512945222627905,-0.5399039123425753,1.947075562889946,0.5639790755437725,-1.3886159302840602,-1.2423938292570373,1,0,0,0,0,1,0,0,1,30760.0
0.7055229815777049,1.5195520519881882,0.8586838597483375,-0.06656476559730662,1.5417287465323093,2.003013413943804,0.9783998477589826,0.4512945222627905,-0.5399039123425753,1.947075562889946,0.5639790755437725,-1.3886159302840602,-1.2423938292570373,1,0,1,0,0,1,0,0,1,41315.0
1.7674589174600583,1.7765862878111918,2.24201272066436,0.9973400715131955,1.7833657556079208,2.003013413943804,0.9783998477589826,0.4512945222627905,-0.5399039123425753,1.947075562889946,0.5639790755437725,-1.5433026124563607,-1.5360751592665987,1,0,0,0,0,1,0,0,1,36880.0
-1.7614358848566847,-2.713480519221921,-2.6457492545722574,-0.271161849657019,-2.1156890228361487,-1.64332933643706,-1.5578258803279361,-0.713473702816667,-0.16133615682254557,-1.4696162976813385,-0.07589164341090254,3.40667121705725,3.3096667858911597,1,0,1,0,1,0,0,1,0,5151.0
-0.7648498527209385,-1.5246971785405234,-1.1240875075646306,-0.7621948514003298,-1.3695139388106599,-0.9288432569705395,-1.12916801079212,-0.4546363194656765,-0.13609830645454368,-0.9086668877367993,0.5639790755437725,2.014491077506547,1.841260135843354,1,0,1,0,1,0,0,1,0,6295.0
-0.7648498527209385,-1.2917599023259252,-1.1240875075646306,-0.7621948514003298,-1.3018555762694886,-0.9288432569705395,-1.12916801079212,-0.4546363194656765,-0.13609830645454368,-0.9086668877367993,0.5639790755437725,2.014491077506547,1.841260135843354,1,0,0,0,0,1,0,1,0,6575.0
-0.8955496602141507,-1.4122447003679586,-1.0318655835035644,-1.2532278531436407,-1.36564774666545,-0.9288432569705395,-1.3434969455600272,-0.06638024443919065,-0.18405022215374733,-0.9596622886408483,0.7772693151953307,1.859804395334247,1.547578805833793,1,0,1,0,1,0,0,1,0,5572.0
-0.8955496602141507,-1.4122447003679586,-1.0318655835035644,-1.2532278531436407,-1.36564774666545,-0.9288432569705395,-1.3434969455600272,-0.06638024443919065,-0.18657400719054748,-0.9596622886408483,0.7772693151953307,0.9316843023004447,1.1070568108194514,1,0,1,0,1,0,0,1,0,6377.0
-0.8955496602141507,-1.4122447003679586,-1.0318655835035644,-1.2532278531436407,-0.8785075363690169,-0.7317436488418441,-1.12916801079212,0.4512945222627905,-0.6408553138145834,-0.09274047327201489,0.7772693151953307,-0.15112247290565758,-0.06766850921879304,1,1,1,0,1,0,0,1,0,7957.0
-0.8955496602141507,-1.4122447003679586,-1.0318655835035644,-1.335066686767524,-1.1897360040584046,-0.9288432569705395,-1.3434969455600272,-0.06638024443919065,-0.18657400719054748,-0.9596622886408483,0.7772693151953307,0.9316843023004447,1.1070568108194514,1,0,0,0,1,0,0,1,0,6229.0
-0.8955496602141507,-1.4122447003679586,-1.0318655835035644,-1.335066686767524,-1.1472078904610972,-0.9288432569705395,-1.3434969455600272,-0.06638024443919065,-0.18657400719054748,-0.9596622886408483,0.7772693151953307,0.9316843023004447,1.1070568108194514,1,0,0,0,0,1,0,1,0,6692.0
-0.8955496602141507,-1.4122447003679586,-1.0318655835035644,-1.335066686767524,-1.1472078904610972,-0.9288432569705395,-1.3434969455600272,-0.06638024443919065,-0.18657400719054748,-0.9596622886408483,0.7772693151953307,0.9316843023004447,1.1070568108194514,1,0,0,0,0,1,0,1,0,7609.0
-0.8955496602141507,-1.4122447003679586,-1.0318655835035644,-1.335066686767524,-0.7567224837949087,-0.7317436488418441,-1.12916801079212,0.4512945222627905,-0.6408553138145834,-0.09274047327201489,0.7772693151953307,-0.15112247290565758,-0.06766850921879304,1,1,0,0,0,1,0,1,0,8558.0
0.6728480297044012,-0.022653362949841094,-0.6629778872592929,2.429519659931182,-0.09173743481882546,-0.140444824455758,-0.02180184782459188,0.6777772326949065,-0.4137146605025654,-0.4497082796003581,-0.28918188306246084,-0.15112247290565758,-0.06766850921879304,1,0,0,0,0,0,1,1,0,8921.0
-0.5361251896078153,-0.1351058411224061,0.12090846725978804,-1.4987443540152934,0.44179708122012507,0.6972285100911972,0.906956869503013,2.101382841125353,-0.7922824160225952,1.0036606461650392,-0.28918188306246084,-0.9245558837671592,-0.9487124992474764,1,1,1,0,1,0,0,1,0,12964.0
-2.0555104517164153,-2.4323493237905094,-0.9857546214730295,-1.2532278531436407,-1.6807424065000476,-0.8795683549383656,-1.5578258803279361,0.5160038681005381,-0.13609830645454368,-1.2146392931610934,-0.7157623623655776,3.716044581401851,3.4565074508959404,1,0,1,0,1,0,0,1,0,6479.0
-2.0555104517164153,-2.4323493237905094,-0.9857546214730295,-1.2532278531436407,-1.475834222803929,-0.8795683549383656,-1.5578258803279361,0.5160038681005381,-0.2370497079265517,-0.7556806850246522,1.8437205134531225,0.9316843023004447,1.1070568108194514,1,0,1,0,1,0,0,1,0,6855.0
-0.8955496602141507,-1.998604050839189,-0.9396436594424948,-0.5166783505286744,-1.4410384934970408,-1.1998552181474955,-1.5578258803279361,-0.5840550111411718,-0.009909054614533772,-1.1636438922570445,0.7772693151953307,2.014491077506547,1.6944194708385736,1,0,1,0,1,0,0,1,0,5399.0
-0.8955496602141507,-1.998604050839189,-0.9396436594424948,-0.5166783505286744,-1.2419295980187368,-0.8795683549383656,-1.5578258803279361,0.5160038681005381,-0.2370497079265517,-0.7556806850246522,1.8437205134531225,0.7769976201281444,0.5196941508003292,1,0,1,0,1,0,0,1,0,6529.0
-0.8955496602141507,-1.998604050839189,-0.9396436594424948,-0.5166783505286744,-1.2110000608570586,-0.8795683549383656,-1.5578258803279361,0.5160038681005381,-0.2370497079265517,-0.7556806850246522,1.8437205134531225,0.7769976201281444,0.5196941508003292,1,0,1,0,1,0,0,1,0,7129.0
-0.4381003339879066,-0.9222731883303564,-0.9396436594424948,0.26079056889823204,-1.1066128729363944,-0.8795683549383656,-1.5578258803279361,0.5160038681005381,-0.2370497079265517,-0.7556806850246522,1.8437205134531225,0.7769976201281444,0.5196941508003292,1,0,0,0,0,1,0,1,0,7295.0
-0.4381003339879066,-1.4283093401068978,-0.9857546214730295,1.815728407752045,-1.0795495279199259,-0.8795683549383656,-1.5221043911999521,0.5160038681005381,-0.2370497079265517,-0.7556806850246522,1.8437205134531225,0.7769976201281444,0.5196941508003292,1,0,0,0,0,0,1,1,0,7295.0
-0.4381003339879066,-0.5929480736821322,-0.3863121150760844,-0.23024243284507884,-0.6697331605276885,-0.43609423664880104,-0.7005101412563024,1.0660333077213924,-0.2875254086625555,-0.5007036805044071,1.4171400341500058,0.3129375736112434,0.3728534857955486,1,0,1,0,1,0,0,1,0,7895.0
-0.4381003339879066,-0.5929480736821322,-0.3863121150760844,-0.23024243284507884,-0.5672790686796292,-0.43609423664880104,-0.7005101412563024,1.0660333077213924,-0.2875254086625555,-0.5007036805044071,1.4171400341500058,0.3129375736112434,0.3728534857955486,1,0,1,0,1,0,0,1,0,9095.0
-0.4381003339879066,0.04160519600591098,-0.3863121150760844,0.09711290165046271,-0.5382826275905558,-0.43609423664880104,-0.7005101412563024,1.0660333077213924,-0.2875254086625555,-0.5007036805044071,1.4171400341500058,0.3129375736112434,0.3728534857955486,1,0,0,0,0,1,0,1,0,8845.0
-0.4381003339879066,0.04160519600591098,-1.6313080899005061,0.09711290165046271,-0.406832094653423,-0.43609423664880104,-0.7005101412563024,1.0660333077213924,-0.2875254086625555,-0.5007036805044071,1.4171400341500058,0.3129375736112434,0.3728534857955486,1,0,0,0,0,1,0,1,0,10295.0
-0.4381003339879066,0.04160519600591098,-0.3863121150760844,0.09711290165046271,-0.22705415990116798,-0.43609423664880104,-0.7005101412563024,1.0660333077213924,-0.2875254086625555,-0.1182381737240394,1.4171400341500058,-0.15112247290565758,-0.3613498392283541,1,0,0,0,0,1,0,1,0,12945.0
-0.4381003339879066,-0.4644309557706303,-0.01742441883181292,-1.1713890195197547,-0.5595466843892096,-0.43609423664880104,-0.7005101412563024,1.0660333077213924,-0.2622875582945536,-0.1437358741760639,0.7772693151953307,0.0035642092666427635,0.0791721557859875,1,0,1,0,0,1,0,1,0,10345.0
-0.7975248045942421,-0.3359138378591285,-1.954084824114246,-0.14840359922119273,-0.4744904571945943,-0.41145678563271415,-0.12896631520854548,-0.06638024443919065,-0.4137146605025654,-0.7046852841206032,-0.7157623623655776,-0.15112247290565758,-0.2145091742235736,1,0,0,0,0,1,0,0,1,6785.0
-0.5197877136711646,-0.183299760339219,-0.3863121150760844,-1.0077113522719854,0.2929486836295483,-0.21435717750401878,0.2996915543272721,-0.06638024443919065,-0.2370497079265517,-0.39871287869630906,-0.28918188306246084,-0.15112247290565758,-0.2145091742235736,1,0,1,0,1,0,0,0,1,11048.0
2.257583195559606,1.9854266044173827,1.642570214267412,-0.4348395169047912,2.867832652339266,3.2102485137320635,1.0141213368869666,2.9749590099349454,-0.5146660619745734,1.794089360177799,-0.8224074821913567,-1.5433026124563607,-1.682915824271379,1,0,0,0,0,1,0,0,1,32250.0
2.257583195559606,1.9854266044173827,1.642570214267412,-0.4348395169047912,2.867832652339266,3.2102485137320635,1.0141213368869666,2.9749590099349454,-0.5146660619745734,1.794089360177799,-0.8224074821913567,-1.5433026124563607,-1.682915824271379,1,0,0,0,0,1,0,0,1,35550.0
0.46046084252793096,1.3508733347293396,2.1036798345727528,-2.480810357501915,2.6435935079170982,4.885595182825974,0.6926279347351042,-1.5870498716262595,0.3434208505374941,3.9868915990519076,-0.28918188306246084,-1.8526759768009613,-1.9765971542809402,1,0,1,0,0,1,0,0,1,36000.0
-0.9935745158340618,-1.26766294271752,-0.8474217353814253,0.09711290165046271,-1.3385844016489814,-0.9042058059544525,-1.12916801079212,-0.3252176277901812,-0.2875254086625555,-0.9596622886408483,-0.28918188306246084,0.7769976201281444,0.0791721557859875,1,0,1,0,1,0,0,1,0,5195.0
-0.9935745158340618,-1.26766294271752,-0.8474217353814253,0.09711290165046271,-1.3192534409229326,-0.9042058059544525,-1.12916801079212,-0.3252176277901812,-0.2875254086625555,-0.9596622886408483,-0.28918188306246084,0.9316843023004447,1.1070568108194514,1,0,1,0,1,0,0,1,0,6095.0
-0.9935745158340618,-1.26766294271752,-0.8474217353814253,0.09711290165046271,-1.3095879605599081,-0.9042058059544525,-1.12916801079212,-0.3252176277901812,-0.2875254086625555,-0.9596622886408483,-0.28918188306246084,0.9316843023004447,1.1070568108194514,1,0,1,0,1,0,0,1,0,6795.0
-0.9935745158340618,-0.6491743127684135,-0.8474217353814253,0.09711290165046271,-1.2322641176557123,-0.9042058059544525,-1.12916801079212,-0.3252176277901812,-0.2875254086625555,-0.9596622886408483,-0.28918188306246084,0.9316843023004447,1.1070568108194514,1,0,0,0,0,1,0,1,0,6695.0
-0.9935745158340618,-0.6491743127684135,-0.8474217353814253,0.09711290165046271,-1.222598637292688,-0.9042058059544525,-0.9505605651521952,-0.3252176277901812,-0.2875254086625555,-0.9596622886408483,-0.28918188306246084,0.9316843023004447,1.1070568108194514,1,0,0,0,0,1,0,1,0,7395.0
-0.06233838744492046,0.23438087287316492,0.21313039132085754,-0.06656476559730662,-0.3817018457095594,-0.140444824455758,0.15680559781533293,0.4512945222627905,-0.38847681013456353,-0.5516990814084561,-0.7157623623655776,0.1582508914389431,0.22601282079076807,1,0,1,0,1,0,0,1,0,8845.0
-0.06233838744492046,0.23438087287316492,0.21313039132085754,0.6699847370176568,-0.3333744438944371,-0.140444824455758,0.15680559781533293,0.4512945222627905,-0.38847681013456353,-0.5516990814084561,-0.7157623623655776,0.1582508914389431,0.22601282079076807,1,0,0,0,0,1,0,1,0,8495.0
-0.06233838744492046,0.23438087287316492,0.21313039132085754,-0.06656476559730662,-0.3817018457095594,-0.140444824455758,0.15680559781533293,0.4512945222627905,-0.38847681013456353,-0.5516990814084561,-0.7157623623655776,0.1582508914389431,0.22601282079076807,1,0,1,0,1,0,0,1,0,10595.0
-0.06233838744492046,0.23438087287316492,0.21313039132085754,0.6699847370176568,-0.3333744438944371,-0.140444824455758,0.15680559781533293,0.4512945222627905,-0.38847681013456353,-0.5516990814084561,-0.7157623623655776,0.1582508914389431,0.22601282079076807,1,0,0,0,0,1,0,1,0,10245.0
-0.06233838744492046,0.23438087287316492,0.21313039132085754,0.6699847370176568,-0.26958227349847563,-0.140444824455758,0.15680559781533293,0.4512945222627905,3.170060091753716,-1.0616530904489463,-1.035697721842915,1.7051177131619464,1.6944194708385736,0,0,0,0,0,1,0,1,0,10795.0
-0.06233838744492046,0.23438087287316492,0.21313039132085754,0.6699847370176568,-0.3043780028053637,-0.140444824455758,0.15680559781533293,0.4512945222627905,-0.38847681013456353,-0.5516990814084561,-0.7157623623655776,0.1582508914389431,0.22601282079076807,1,0,0,0,1,0,0,1,0,11245.0
0.9342476446908281,0.009475916528034941,0.02868654319871855,0.21987115208628896,0.1692305349828351,0.30302929383380656,1.4785006955507682,-0.29286295487130665,-0.5399039123425753,0.36621813486442634,-0.28918188306246084,-0.9245558837671592,-0.5081905042331347,1,0,0,0,0,1,0,0,1,18280.0
0.9342476446908281,0.009475916528034941,0.02868654319871855,0.21987115208628896,0.2272234171609819,0.15520458773728502,0.2996915543272721,1.2601613452346352,2.9933951391777023,-0.8576714868327503,-1.9955038002749275,0.9316843023004447,1.2538974758242318,0,0,0,0,0,1,0,0,1,18344.0
1.7674589174600583,1.2866147757735897,1.9653469484811519,1.0791789051370815,1.8026967163339698,1.362439687525544,0.8355138912470434,1.2601613452346352,2.8672058873376924,0.4427112362204999,-1.67556844079759,-0.4604958372502582,-0.8018718342426958,0,1,0,0,0,1,0,0,1,25552.0
1.7674589174600583,1.2866147757735897,1.9653469484811519,1.9794060749998172,2.25697429339612,1.362439687525544,0.8355138912470434,1.2601613452346352,2.8672058873376924,0.4427112362204999,-1.67556844079759,-0.4604958372502582,-0.8018718342426958,0,1,0,0,0,0,1,0,1,28248.0
1.2283222115505563,1.0135159002116467,1.9653469484811519,0.4244682361460014,1.764034794881872,1.362439687525544,0.8355138912470434,1.2601613452346352,2.8672058873376924,0.4427112362204999,-1.67556844079759,-0.4604958372502582,-0.8018718342426958,0,1,1,1,0,0,0,0,1,28176.0
2.6823575699125466,2.2263962005014495,2.6109004169086316,0.9973400715131955,2.2956362148482174,1.362439687525544,0.8355138912470434,1.2601613452346352,2.8672058873376924,0.4427112362204999,-1.67556844079759,-0.4604958372502582,-0.8018718342426958,0,1,0,0,0,1,0,0,1,31600.0
2.6823575699125466,2.2263962005014495,2.6109004169086316,1.0791789051370815,2.237643332670071,2.618949689345977,0.40685602171122576,-0.48699099238454957,-0.4641903612385692,1.2586376506852843,-0.8224074821913567,-1.3886159302840602,-1.8297564892761597,1,0,0,0,0,1,0,0,1,34184.0
-0.42176285805125596,0.4351888696098873,2.0575688725422214,-1.2532278531436407,2.131323048676802,2.618949689345977,0.40685602171122576,-0.48699099238454957,-0.4641903612385692,1.2586376506852843,-0.8224074821913567,-1.3886159302840602,-1.8297564892761597,1,0,1,0,0,0,0,0,1,35056.0
3.548243794555083,2.668173793322239,2.6109004169086316,1.1610177387609677,2.5469387042868536,4.442121064536409,1.6213866520627076,0.3218758305872952,-0.5399039123425753,1.998070963793995,-1.3556330813202524,-1.697989294628661,-2.1234378192857206,1,0,0,0,0,1,0,0,1,40960.0
2.09420843619309,1.9532973249395067,2.7492333030002327,0.6290653202057137,2.1893159308549484,4.3435712604720615,1.6213866520627076,0.3218758305872952,-0.5399039123425753,1.998070963793995,-1.3556330813202524,-1.697989294628661,-2.1234378192857206,1,0,1,1,0,0,0,0,1,45400.0
0.5748231740844926,0.2825747920899778,0.9047948217788689,0.3835488193340583,0.6331735924080094,0.30302929383380656,1.5499436738067378,-0.42228164654680195,-0.5399039123425753,1.7685916597257745,-0.28918188306246084,-0.9245558837671592,-0.9487124992474764,1,1,1,0,1,0,0,0,1,16503.0
-0.8955496602141507,-1.4122447003679586,-0.7551998113203557,-1.2532278531436407,-1.2844577116160445,-0.8795683549383656,-1.3434969455600272,-0.06638024443919065,-0.18657400719054748,-0.9596622886408483,0.7772693151953307,1.859804395334247,1.547578805833793,1,0,1,0,1,0,0,1,0,5389.0
-0.8955496602141507,-1.4122447003679586,-0.7551998113203557,-1.2532278531436407,-1.2341972137283173,-0.8795683549383656,-1.3434969455600272,-0.06638024443919065,-0.18657400719054748,-0.9596622886408483,0.7772693151953307,0.9316843023004447,1.1070568108194514,1,0,1,0,1,0,0,1,0,6189.0
-0.8955496602141507,-1.4122447003679586,-0.7551998113203557,-1.2532278531436407,-1.1182114493720237,-0.8795683549383656,-1.3434969455600272,-0.06638024443919065,-0.18657400719054748,-0.9596622886408483,0.7772693151953307,0.9316843023004447,1.1070568108194514,1,0,1,0,1,0,0,1,0,6669.0
-1.0099119917707124,-1.4122447003679586,-1.0318655835035644,-1.2532278531436407,-0.8456449031347337,-0.7317436488418441,-1.12916801079212,0.4512945222627905,-0.6408553138145834,-0.09274047327201489,0.7772693151953307,-0.15112247290565758,-0.06766850921879304,1,1,1,0,1,0,0,1,0,7689.0
-0.47077528586121026,-0.15117048086134297,-0.2940901910150149,-1.826099688510835,-0.4106982867986328,-0.43609423664880104,-0.6290671630003327,0.6777772326949065,-0.6660931641825852,0.2642273330563283,0.7772693151953307,-0.3058091550779579,-0.06766850921879304,1,1,1,0,1,0,0,1,0,9959.0
-0.47077528586121026,-0.15117048086134297,-0.2940901910150149,-1.826099688510835,-0.4918883218480383,-0.140444824455758,0.013919641303393716,0.6777772326949065,-0.4137146605025654,-0.4497082796003581,-0.28918188306246084,0.0035642092666427635,0.22601282079076807,1,0,1,0,1,0,0,1,0,8499.0
-0.5361251896078153,-0.1351058411224061,0.12090846725978804,-1.4987443540152934,0.4843251948174327,0.6972285100911972,0.8355138912470434,1.9719641494498579,-0.7922824160225952,1.0036606461650392,-0.28918188306246084,-0.9245558837671592,-0.9487124992474764,1,1,1,0,1,0,0,1,0,12629.0
-0.5361251896078153,-0.1351058411224061,0.12090846725978804,-1.4987443540152934,0.6544376492066633,0.6972285100911972,0.8712353803750275,1.9719641494498579,-0.7922824160225952,1.0036606461650392,-0.28918188306246084,-0.9245558837671592,-0.9487124992474764,1,1,1,0,1,0,0,1,0,14869.0
-0.5361251896078153,-0.1351058411224061,0.12090846725978804,-1.4987443540152934,0.6641031295696878,0.6972285100911972,0.8712353803750275,1.9719641494498579,-0.7922824160225952,1.0036606461650392,-0.28918188306246084,-0.9245558837671592,-0.9487124992474764,1,1,1,0,1,0,0,1,0,14489.0
-0.47077528586121026,-0.19936440007815587,-0.2940901910150149,-0.9258725186480992,-0.4203637671616573,-0.140444824455758,0.013919641303393716,0.6777772326949065,-0.4137146605025654,-0.4497082796003581,-0.28918188306246084,0.0035642092666427635,0.22601282079076807,1,0,0,0,0,1,0,1,0,6989.0
-0.47077528586121026,-0.19936440007815587,-0.2940901910150149,-0.9258725186480992,-0.34303992425746155,-0.140444824455758,0.013919641303393716,0.6777772326949065,-0.4137146605025654,-0.4497082796003581,-0.28918188306246084,0.0035642092666427635,0.22601282079076807,1,0,0,0,0,1,0,1,0,8189.0
-0.47077528586121026,-0.19936440007815587,-0.2940901910150149,-0.9258725186480992,-0.3469061164026713,-0.43609423664880104,-0.6290671630003327,0.6777772326949065,-0.6660931641825852,0.2642273330563283,0.7772693151953307,-0.3058091550779579,-0.06766850921879304,1,1,0,0,0,1,0,1,0,9279.0
-0.47077528586121026,-0.19936440007815587,-0.2940901910150149,-0.9258725186480992,-0.3469061164026713,-0.43609423664880104,-0.6290671630003327,0.6777772326949065,-0.6660931641825852,0.2642273330563283,0.7772693151953307,-0.3058091550779579,-0.06766850921879304,1,0,0,0,0,1,0,1,0,9279.0
-0.7648498527209385,-0.7696591108104469,-1.0318655835035644,0.26079056889823204,-1.3405174977215863,-0.756381099857931,-0.7005101412563024,0.12774779307405226,-0.18657400719054748,-0.9341645881888238,0.13739859624065578,0.9316843023004447,0.9602161458146709,1,0,1,0,0,1,0,1,0,5499.0
-0.7648498527209385,-0.7696591108104469,-1.0318655835035644,0.26079056889823204,-1.09308120042816,-0.6085563937614095,-1.2720539673040576,0.710131905613781,2.9681572888097,-1.2911323945171669,-0.7157623623655776,3.0972978527126496,2.869144790876818,0,0,1,0,0,1,0,1,0,7099.0
-0.7648498527209385,-0.7696591108104469,-1.0318655835035644,0.26079056889823204,-1.2844577116160445,-0.756381099857931,-0.7005101412563024,0.12774779307405226,-0.18657400719054748,-0.9341645881888238,0.13739859624065578,0.9316843023004447,0.9602161458146709,1,0,1,0,0,1,0,1,0,6649.0
-0.7648498527209385,-0.7696591108104469,-1.0318655835035644,0.26079056889823204,-1.2457957901639467,-0.756381099857931,-0.7005101412563024,0.12774779307405226,-0.18657400719054748,-0.9341645881888238,0.13739859624065578,0.9316843023004447,0.9602161458146709,1,0,0,0,0,1,0,1,0,6849.0
-0.7648498527209385,-0.3760754372064729,-1.0318655835035644,-0.14840359922119273,-1.0795495279199259,-0.756381099857931,-0.7005101412563024,0.12774779307405226,-0.18657400719054748,-0.9341645881888238,0.13739859624065578,0.9316843023004447,0.9602161458146709,1,0,0,0,0,0,1,1,0,7349.0
-0.7648498527209385,-0.7696591108104469,-1.0318655835035644,0.26079056889823204,-1.220665541220083,-0.756381099857931,-0.7005101412563024,0.12774779307405226,-0.18657400719054748,-0.9341645881888238,0.13739859624065578,0.9316843023004447,0.9602161458146709,1,0,1,0,0,1,0,1,0,7299.0
-0.7648498527209385,-0.7455621512020416,-1.0318655835035644,-0.23024243284507884,-1.0718171436295063,-0.756381099857931,-0.7005101412563024,0.12774779307405226,-0.18657400719054748,-0.9341645881888238,0.13739859624065578,0.9316843023004447,0.9602161458146709,1,0,1,0,1,0,0,1,0,7799.0
-0.7648498527209385,-0.7696591108104469,-1.0318655835035644,0.26079056889823204,-1.182003619767985,-0.756381099857931,-0.7005101412563024,0.12774779307405226,-0.18657400719054748,-0.9341645881888238,0.13739859624065578,0.9316843023004447,0.9602161458146709,1,0,0,0,0,1,0,1,0,7499.0
-0.7648498527209385,-0.3760754372064729,-1.0318655835035644,-0.14840359922119273,-1.0544192789760622,-0.756381099857931,-0.7005101412563024,0.12774779307405226,-0.18657400719054748,-0.9341645881888238,0.13739859624065578,0.9316843023004447,0.9602161458146709,1,0,0,0,0,0,1,1,0,7999.0
-0.6668249971010298,-1.0025963870250454,-1.0318655835035644,-0.23024243284507884,-1.110479065081604,-0.756381099857931,-0.7005101412563024,0.12774779307405226,-0.18657400719054748,-0.9341645881888238,0.13739859624065578,0.9316843023004447,0.9602161458146709,1,0,1,1,0,0,0,1,0,8249.0
-0.323738002431345,-0.11904120138346692,-0.3863121150760844,0.34262940252211815,-0.4996207061384579,-0.18971972648793187,-0.05752333695257589,0.710131905613781,-0.4137146605025654,-0.22022897553213744,0.13739859624065578,0.3129375736112434,0.5196941508003292,1,0,0,0,1,0,0,1,0,8949.0
-0.323738002431345,-0.11904120138346692,-0.3863121150760844,0.34262940252211815,-0.5421488197357656,-0.18971972648793187,-0.05752333695257589,0.710131905613781,-0.4137146605025654,-0.22022897553213744,0.13739859624065578,0.3129375736112434,0.5196941508003292,1,0,0,0,0,1,0,1,0,9549.0
0.19906122754150643,0.54764134778245,0.21313039132085754,0.5063070697698875,0.9907963658399147,1.3131647854933703,0.2996915543272721,0.06303844723630463,-0.2875254086625555,1.1821445493292106,0.13739859624065578,-1.2339292481117599,-1.2423938292570373,1,0,0,0,0,1,0,1,0,13499.0
0.19906122754150643,0.7805786239970484,0.21313039132085754,0.9155012378893123,1.3793486764334981,1.3131647854933703,0.2996915543272721,0.06303844723630463,-0.2875254086625555,1.1821445493292106,0.13739859624065578,-1.2339292481117599,-1.2423938292570373,1,0,0,0,0,0,1,1,0,14399.0
0.19906122754150643,0.7805786239970484,0.21313039132085754,0.5063070697698875,0.9231380032987434,1.3131647854933703,0.2996915543272721,0.06303844723630463,-0.2875254086625555,1.1821445493292106,0.13739859624065578,-0.9245558837671592,-0.8018718342426958,1,0,0,0,0,1,0,1,0,13499.0
-1.2876490826937899,-0.3359138378591285,0.8586838597483375,-1.7033414380750056,0.9444020600973972,1.3131647854933703,0.2996915543272721,0.06303844723630463,-0.2875254086625555,1.3861261529454068,0.13739859624065578,-0.9245558837671592,-0.8018718342426958,1,0,1,0,1,0,0,0,1,17199.0
-1.2876490826937899,-0.3359138378591285,0.8586838597483375,-1.7033414380750056,1.07585259303453,1.3131647854933703,0.2996915543272721,0.06303844723630463,-0.5903796130785793,2.4060341710263873,0.13739859624065578,-1.2339292481117599,-1.095553164252257,1,1,1,0,1,0,0,0,1,19699.0
0.003011516301686844,0.2906071119594463,0.8586838597483375,-1.7033414380750056,1.07585259303453,1.3131647854933703,0.2996915543272721,0.06303844723630463,-0.2875254086625555,1.3861261529454068,0.13739859624065578,-0.9245558837671592,-0.8018718342426958,1,0,1,0,1,0,0,0,1,18399.0
1.424371922790376,0.9492573412558948,1.089238669901008,1.1610177387609677,0.8458141603945477,-0.18971972648793187,0.40685602171122576,-0.19579893611468593,-0.4389525108705673,-0.22022897553213744,-0.28918188306246084,-0.9245558837671592,-0.9487124992474764,1,0,0,0,0,1,0,0,1,11900.0
1.424371922790376,0.9492573412558948,1.089238669901008,1.1610177387609677,1.1879721652456137,0.5986787060268496,1.264171760782861,0.8719052702081495,2.7410166354976826,-0.27122437643618647,-2.1021489201007064,0.4676242557835438,0.3728534857955486,0,1,0,0,0,1,0,0,1,13200.0
2.4536329067994256,1.9292003653311014,1.089238669901008,1.9794060749998172,1.2517643356415753,-0.18971972648793187,0.40685602171122576,-0.19579893611468593,-0.4389525108705673,-0.22022897553213744,-0.28918188306246084,-0.9245558837671592,-0.9487124992474764,1,0,0,0,0,0,1,0,1,12440.0
2.4536329067994256,1.9292003653311014,1.089238669901008,1.9794060749998172,1.6383835501625539,0.5986787060268496,1.264171760782861,0.8719052702081495,2.7410166354976826,-0.27122437643618647,-2.1021489201007064,0.0035642092666427635,-0.8018718342426958,0,1,0,0,0,0,1,0,1,13860.0
1.424371922790376,0.9492573412558948,1.089238669901008,1.1610177387609677,0.9521344443878168,-0.18971972648793187,0.40685602171122576,-3.431266228002065,-0.4389525108705673,-0.27122437643618647,-0.28918188306246084,-0.9245558837671592,-0.9487124992474764,1,0,0,0,0,1,0,0,1,15580.0
1.424371922790376,0.9492573412558948,1.089238669901008,1.1610177387609677,1.294292449238883,0.5986787060268496,1.264171760782861,0.8719052702081495,2.7410166354976826,-0.27122437643618647,-2.1021489201007064,0.4676242557835438,0.3728534857955486,0,1,0,0,0,1,0,0,1,16900.0
2.4536329067994256,1.9292003653311014,1.089238669901008,1.1610177387609677,1.3580846196348444,-0.18971972648793187,0.40685602171122576,-3.431266228002065,-0.4389525108705673,-0.27122437643618647,-0.28918188306246084,-0.9245558837671592,-0.9487124992474764,1,0,0,0,0,0,1,0,1,16695.0
2.4536329067994256,1.9292003653311014,1.089238669901008,1.9794060749998172,1.744703834155823,0.5986787060268496,1.264171760782861,0.8719052702081495,2.7410166354976826,-0.27122437643618647,-2.1021489201007064,0.0035642092666427635,-0.8018718342426958,0,1,0,0,0,0,1,0,1,17075.0
1.424371922790376,0.9492573412558948,1.089238669901008,1.1610177387609677,0.9521344443878168,-0.18971972648793187,0.40685602171122576,-0.19579893611468593,-0.4389525108705673,-0.22022897553213744,-0.28918188306246084,-0.9245558837671592,-0.9487124992474764,1,0,0,0,0,1,0,0,1,16630.0
1.424371922790376,0.9492573412558948,1.089238669901008,1.1610177387609677,1.294292449238883,0.5986787060268496,1.264171760782861,0.8719052702081495,2.7410166354976826,-0.27122437643618647,-2.1021489201007064,0.4676242557835438,0.3728534857955486,0,1,0,0,0,1,0,0,1,17950.0
1.4407093987270265,0.9492573412558948,1.04312770787047,0.8745818210773691,1.058454728381086,0.15520458773728502,0.942678358630997,-0.13108959027693828,-0.7922824160225952,0.9271675448089656,0.9905595548468891,-1.0792425659394596,-0.9487124992474764,1,1,0,0,0,1,0,0,1,18150.0
-0.8955496602141507,-1.4122447003679586,-1.0318655835035644,-1.2532278531436407,-1.2844577116160445,-0.9288432569705395,-1.3434969455600272,-0.06638024443919065,-0.18657400719054748,-0.9596622886408483,0.7772693151953307,1.859804395334247,1.547578805833793,1,0,1,0,1,0,0,1,0,5572.0
-0.8955496602141507,-1.4122447003679586,-1.0318655835035644,-1.2532278531436407,-0.8785075363690169,-0.7317436488418441,-1.12916801079212,0.4512945222627905,-0.6408553138145834,-0.09274047327201489,0.7772693151953307,-0.15112247290565758,-0.06766850921879304,1,1,1,0,1,0,0,1,0,7957.0
-0.8955496602141507,-1.4122447003679586,-1.0318655835035644,-1.335066686767524,-1.1897360040584046,-0.9288432569705395,-1.3434969455600272,-0.06638024443919065,-0.18657400719054748,-0.9596622886408483,0.7772693151953307,0.9316843023004447,1.1070568108194514,1,0,0,0,1,0,0,1,0,6229.0
-0.8955496602141507,-0.6090127134210691,-1.0318655835035644,-1.2532278531436407,-1.1472078904610972,-0.9288432569705395,-1.3434969455600272,-0.06638024443919065,-0.18657400719054748,-0.9596622886408483,0.7772693151953307,0.9316843023004447,1.1070568108194514,1,0,0,0,0,1,0,1,0,6692.0
-0.8955496602141507,-0.6090127134210691,-1.0318655835035644,-1.2532278531436407,-0.7567224837949087,-0.7317436488418441,-1.3434969455600272,-0.06638024443919065,-0.18657400719054748,-0.9596622886408483,0.7772693151953307,0.9316843023004447,1.1070568108194514,1,0,0,0,0,1,0,1,0,7609.0
0.6728480297044012,-0.022653362949841094,-0.6629778872592929,2.429519659931182,-0.09173743481882546,-0.140444824455758,0.013919641303393716,0.6777772326949065,-0.4137146605025654,-0.4497082796003581,-0.28918188306246084,-0.15112247290565758,-0.06766850921879304,1,0,0,0,0,0,1,1,0,8921.0
-0.5361251896078153,-0.1351058411224061,0.12090846725978804,-1.4987443540152934,0.4553287537283593,0.6972285100911972,0.8712353803750275,1.9719641494498579,-0.7922824160225952,1.0036606461650392,-0.28918188306246084,-0.9245558837671592,-0.9487124992474764,1,1,1,0,1,0,0,0,1,12764.0
-0.7648498527209385,-0.4804955955095672,1.04312770787047,-1.4987443540152934,0.37800491082416354,0.5740412550107626,2.121487499854495,-0.4546363194656765,-0.16133615682254557,0.9526652452609902,0.7772693151953307,-0.9245558837671592,-0.5081905042331347,1,0,1,0,1,0,0,0,1,22018.0
-1.581723649553518,-0.4804955955095672,-0.47853403913715387,-0.9258725186480992,0.3354767972268559,1.6334516487025001,1.4070577172948002,-1.134084450762026,-0.16133615682254557,2.584518074190559,1.6304302738015641,-1.2339292481117599,-0.8018718342426958,1,0,1,1,0,0,0,0,1,32528.0
-1.581723649553518,-0.4804955955095672,-0.47853403913715387,-0.9258725186480992,0.3354767972268559,1.6334516487025001,1.4070577172948002,-1.134084450762026,-0.16133615682254557,2.584518074190559,1.6304302738015641,-1.2339292481117599,-0.8018718342426958,1,0,1,1,0,0,0,0,1,34028.0
-1.581723649553518,-0.4804955955095672,-0.47853403913715387,-0.9258725186480992,0.4205330244214712,1.6334516487025001,1.4070577172948002,-1.134084450762026,-0.16133615682254557,2.584518074190559,1.6304302738015641,-1.2339292481117599,-0.8018718342426958,1,0,1,0,0,0,0,0,1,37028.0
-0.013325959634966142,0.9412250213864263,0.21313039132085754,0.9155012378893123,0.1460333821115764,-0.16508227547184492,0.6926279347351042,-0.5840550111411718,-0.20928807252174922,0.11124113034418122,0.24404371606643493,-0.6151825194225586,-0.3613498392283541,1,0,1,0,1,0,0,1,0,11850.0
-0.013325959634966142,0.9412250213864263,0.21313039132085754,0.9155012378893123,0.21755793679795743,-0.16508227547184492,0.6926279347351042,-0.5840550111411718,-0.21181185755854937,0.11124113034418122,0.24404371606643493,-0.6151825194225586,-0.3613498392283541,1,0,0,0,0,1,0,1,0,12170.0
-0.013325959634966142,0.9412250213864263,0.21313039132085754,0.9155012378893123,0.24075508966921616,-0.16508227547184492,-2.879520978063373,-3.819522303028551,-0.21181185755854937,0.11124113034418122,0.24404371606643493,-0.6151825194225586,-0.3613498392283541,1,0,1,0,1,0,0,1,0,15040.0
-0.013325959634966142,0.9412250213864263,0.21313039132085754,0.9155012378893123,0.3393429893720657,-0.16508227547184492,0.6926279347351042,-0.5840550111411718,-0.21181185755854937,0.11124113034418122,0.24404371606643493,-0.6151825194225586,-0.3613498392283541,1,0,0,0,0,1,0,1,0,15510.0
-0.013325959634966142,0.9412250213864263,0.21313039132085754,0.9155012378893123,0.43599779300231034,-0.16508227547184492,0.6926279347351042,-0.5840550111411718,-0.2875254086625555,1.3861261529454068,0.7772693151953307,-0.9245558837671592,-0.6550311692379153,1,1,1,0,1,0,0,1,0,18150.0
-0.013325959634966142,0.9412250213864263,0.21313039132085754,0.9155012378893123,0.5113885398339012,-0.16508227547184492,0.6926279347351042,-0.5840550111411718,-0.2875254086625555,1.3861261529454068,0.7772693151953307,-0.9245558837671592,-0.6550311692379153,1,1,0,0,0,1,0,1,0,18620.0
-0.8955496602141507,-1.4443739798458346,-1.2163094316257,-0.06656476559730662,-1.0292890300321986,-0.756381099857931,0.9783998477589826,-2.881236788381211,-0.2875254086625555,-0.9341645881888238,-0.5024721227140192,0.9316843023004447,0.8133754808098903,1,0,1,0,1,0,0,1,0,5118.0
-0.8955496602141507,-1.3640507811511458,-1.1240875075646306,-0.06656476559730662,-0.8939723049498561,-0.4853691386809749,0.9783998477589826,-1.9753059466527438,-0.3632389597665616,-0.8321737863807257,-1.5689233209718108,0.1582508914389431,0.0791721557859875,1,0,1,0,1,0,0,1,0,7053.0
-0.960899563960758,-1.4122447003679586,-1.0318655835035644,0.7518235706415429,-0.6620007762372689,-0.4853691386809749,0.9783998477589826,-1.9753059466527438,-0.3632389597665616,-0.8321737863807257,-1.5689233209718108,0.1582508914389431,0.0791721557859875,1,0,1,0,1,0,0,0,0,7603.0
-0.323738002431345,-0.23149367955603192,-0.2940901910150149,-0.5575977673406175,-0.8456449031347337,-0.4853691386809749,0.9783998477589826,-1.9753059466527438,-0.16133615682254557,-0.6026944823125051,-0.7157623623655776,1.0863709844727452,0.9602161458146709,1,0,0,0,0,1,0,1,0,7126.0
-0.323738002431345,-0.23149367955603192,-0.2940901910150149,-0.5575977673406175,-0.7586555798675135,-0.4853691386809749,0.9783998477589826,-1.9753059466527438,-0.16133615682254557,-0.6026944823125051,-1.5689233209718108,0.4676242557835438,0.3728534857955486,1,0,0,0,0,1,0,1,0,7775.0
-0.323738002431345,-0.23149367955603192,-0.2940901910150149,-0.5575977673406175,-0.4686911689767796,-0.4853691386809749,0.9783998477589826,-1.9753059466527438,-0.2875254086625555,-0.296722076888211,0.13739859624065578,0.1582508914389431,0.22601282079076807,1,0,0,0,0,1,0,1,0,9960.0
-0.35641295430464864,-0.23149367955603192,-0.2940901910150149,0.1789517352743459,-0.3817018457095594,-0.4853691386809749,0.9783998477589826,-1.9753059466527438,-0.2875254086625555,-0.6026944823125051,-0.7157623623655776,-0.15112247290565758,-0.8018718342426958,1,0,0,0,0,1,0,0,0,9233.0
-0.35641295430464864,-0.23149367955603192,-0.2940901910150149,0.1789517352743459,-0.14006483663394778,-0.4853691386809749,0.9783998477589826,-1.9753059466527438,-0.6156174634465812,0.13673883079620572,-0.7157623623655776,-0.15112247290565758,-0.2145091742235736,1,1,0,0,0,1,0,0,0,11259.0
-0.35641295430464864,-0.11100888151399849,-0.2940901910150149,-0.3530006832809051,-0.5653459726070242,-0.4853691386809749,0.9783998477589826,-1.9753059466527438,-0.2875254086625555,-0.6026944823125051,-0.7157623623655776,0.4676242557835438,0.22601282079076807,1,0,0,0,0,0,1,1,0,7463.0
-0.35641295430464864,-0.11100888151399849,-0.2940901910150149,-0.3530006832809051,-0.2463851206272169,-0.4853691386809749,0.9783998477589826,-1.9753059466527438,-0.2875254086625555,-0.296722076888211,0.13739859624065578,0.0035642092666427635,0.0791721557859875,1,0,0,0,0,0,1,1,0,10198.0
-0.37275043024129934,-0.10297656164453005,-0.2940901910150149,0.4244682361460014,-0.31404348316838815,-0.4853691386809749,0.9783998477589826,-1.9753059466527438,-0.2875254086625555,-0.6026944823125051,-0.7157623623655776,-0.3058091550779579,-0.2145091742235736,1,0,0,0,0,0,1,0,0,8013.0
-0.37275043024129934,-0.10297656164453005,-0.2940901910150149,0.4244682361460014,0.13056861353073726,-0.4853691386809749,0.9783998477589826,-1.9753059466527438,-0.6156174634465812,0.13673883079620572,-0.7157623623655776,-0.3058091550779579,-1.095553164252257,1,1,0,0,0,0,1,0,0,11694.0
-0.5688001414811189,-1.299792222195396,-1.1240875075646306,0.26079056889823204,-1.1549402747515167,-0.8795683549383656,-1.0577250325361505,-0.713473702816667,-0.2875254086625555,-1.1126484913529955,-0.7157623623655776,1.550431030989646,1.2538974758242318,1,0,1,0,1,0,0,1,0,5348.0
-0.5688001414811189,-1.299792222195396,-1.1240875075646306,0.26079056889823204,-1.0486199907582476,-0.8795683549383656,-1.0577250325361505,-0.713473702816667,-0.2875254086625555,-1.1126484913529955,-0.7157623623655776,0.9316843023004447,1.1070568108194514,1,0,1,0,1,0,0,1,0,6338.0
-0.5688001414811189,-1.299792222195396,-1.1240875075646306,0.26079056889823204,-1.09694739257337,-0.8795683549383656,-1.0577250325361505,-0.713473702816667,-0.2875254086625555,-1.1126484913529955,-0.7157623623655776,0.9316843023004447,1.1070568108194514,1,0,0,0,1,0,0,1,0,6488.0
-0.5688001414811189,-0.4162370365538174,-1.1240875075646306,2.1430837422475864,-0.5846769333330732,-0.8795683549383656,-1.0577250325361505,-0.713473702816667,-0.2875254086625555,-1.1126484913529955,-0.7157623623655776,0.9316843023004447,0.9602161458146709,1,0,0,0,0,0,1,1,0,6918.0
-0.5688001414811189,-0.4162370365538174,-1.1240875075646306,2.1430837422475864,-0.5653459726070242,-0.8795683549383656,-1.0577250325361505,-0.713473702816667,-0.2875254086625555,-1.1126484913529955,-0.7157623623655776,0.3129375736112434,0.22601282079076807,1,0,0,0,0,0,1,0,0,7898.0
-0.5688001414811189,-0.4162370365538174,-1.1240875075646306,2.1430837422475864,1.019792806928988,-0.8795683549383656,-1.0577250325361505,-0.713473702816667,-0.2875254086625555,-1.1126484913529955,-0.7157623623655776,0.3129375736112434,0.22601282079076807,1,0,0,0,0,0,1,0,0,8778.0
-0.5688001414811189,-0.6893359121157581,-0.7551998113203557,-0.3530006832809051,-0.9693630517814469,-0.7317436488418441,-0.5576241847443631,-0.713473702816667,-0.2875254086625555,-0.9086668877367993,-0.7157623623655776,0.7769976201281444,0.9602161458146709,1,0,0,0,0,1,0,1,0,6938.0
-0.5688001414811189,-0.6893359121157581,-0.7551998113203557,-0.4348395169047912,-0.9152363617485099,-0.7317436488418441,-0.5576241847443631,-0.713473702816667,-0.2875254086625555,-0.9086668877367993,-0.7157623623655776,0.7769976201281444,0.9602161458146709,1,0,0,0,1,0,0,1,0,7198.0
-0.5688001414811189,-0.6893359121157581,-0.7551998113203557,-0.3530006832809051,-0.5943424136960976,-0.43609423664880104,-0.2718522717204847,0.3218758305872952,3.119584391017712,-1.2656346940651424,-1.3556330813202524,1.3957443488173458,0.8133754808098903,0,0,0,0,0,1,0,1,0,7898.0
-0.5688001414811189,-0.6893359121157581,-0.7551998113203557,-0.4348395169047912,-0.5943424136960976,-0.43609423664880104,-0.2718522717204847,0.3218758305872952,3.119584391017712,-1.2656346940651424,-1.3556330813202524,2.014491077506547,2.428622795862476,0,0,0,0,1,0,0,1,0,7788.0
-0.5688001414811189,-0.6893359121157581,-0.7551998113203557,-0.3530006832809051,-0.9442328028375833,-0.7317436488418441,-0.5576241847443631,-0.713473702816667,-0.2875254086625555,-0.9086668877367993,-0.7157623623655776,2.014491077506547,2.428622795862476,1,0,0,0,0,1,0,1,0,7738.0
-0.5688001414811189,-0.6893359121157581,-0.7551998113203557,-0.4348395169047912,-0.8901061128046464,-0.7317436488418441,-0.5576241847443631,-0.713473702816667,-0.2875254086625555,-0.9086668877367993,-0.7157623623655776,0.4676242557835438,0.5196941508003292,1,0,0,0,1,0,0,1,0,8358.0
-0.5688001414811189,-0.6893359121157581,-0.7551998113203557,-0.4348395169047912,-0.8553103834977582,-0.7317436488418441,-0.5576241847443631,-0.713473702816667,-0.2875254086625555,-0.9086668877367993,-0.7157623623655776,0.4676242557835438,0.5196941508003292,1,0,0,0,0,1,0,1,0,9258.0
-0.7648498527209385,-0.49656023524850634,-0.9396436594424948,-0.5166783505286744,-0.7992505973922164,-0.7317436488418441,-0.5576241847443631,-0.713473702816667,-0.2875254086625555,-0.9086668877367993,-0.7157623623655776,0.6223109379558441,0.5196941508003292,1,0,1,0,0,1,0,0,1,8058.0
-0.7648498527209385,-0.49656023524850634,-0.9396436594424948,-0.5166783505286744,-0.7315922348510451,-0.7317436488418441,-0.5576241847443631,-0.713473702816667,-0.2875254086625555,-0.9086668877367993,-0.7157623623655776,0.6223109379558441,0.5196941508003292,1,0,1,0,1,0,0,0,1,8238.0
-0.7648498527209385,-0.49656023524850634,-0.9396436594424948,-0.5166783505286744,-0.6136733744221466,-0.7317436488418441,-0.37901673910443834,-0.5517003382222972,-0.18657400719054748,0.16223653124823023,3.123461951362472,0.1582508914389431,-0.2145091742235736,1,0,1,0,0,1,0,0,1,9298.0
-0.7648498527209385,-0.49656023524850634,-0.9396436594424948,-0.5166783505286744,-0.5460150118809753,-0.7317436488418441,-0.37901673910443834,-0.5517003382222972,-0.18657400719054748,0.16223653124823023,3.123461951362472,0.1582508914389431,-0.2145091742235736,1,0,1,0,1,0,0,0,1,9538.0
-0.12768829119152544,0.10586375496166077,-0.2018682669539519,-0.7621948514003298,-0.082071954455801,0.45085399993032804,0.9783998477589826,0.8071959243704018,-0.21181185755854937,0.2642273330563283,-0.7157623623655776,-0.15112247290565758,-0.06766850921879304,1,0,1,1,0,0,0,0,1,8449.0
-0.12768829119152544,0.10586375496166077,-0.2018682669539519,-0.7621948514003298,-0.08980433874622057,0.45085399993032804,0.9783998477589826,0.8071959243704018,-0.21181185755854937,0.2642273330563283,-0.7157623623655776,-0.15112247290565758,-0.06766850921879304,1,0,1,1,0,0,0,0,1,9639.0
-0.12768829119152544,0.10586375496166077,-0.2018682669539519,-0.7621948514003298,-0.06080789765714717,0.45085399993032804,0.9783998477589826,0.8071959243704018,-0.21181185755854937,0.2642273330563283,-0.7157623623655776,-0.15112247290565758,-0.06766850921879304,1,0,1,0,1,0,0,0,1,9989.0
-0.12768829119152544,0.10586375496166077,-0.2018682669539519,-0.7621948514003298,0.18662839963627914,0.45085399993032804,0.9783998477589826,0.8071959243704018,-0.21181185755854937,0.2642273330563283,-0.7157623623655776,-0.15112247290565758,-0.06766850921879304,1,0,1,1,0,0,0,0,1,11199.0
-0.12768829119152544,0.10586375496166077,-0.2018682669539519,-0.7621948514003298,0.2542867621774504,0.45085399993032804,0.9783998477589826,0.8071959243704018,-0.21181185755854937,0.2642273330563283,-0.7157623623655776,-0.15112247290565758,-0.06766850921879304,1,0,1,0,1,0,0,0,1,11549.0
-0.12768829119152544,0.10586375496166077,-0.2018682669539519,-0.3530006832809051,0.7588248371273275,0.45085399993032804,0.9783998477589826,0.8071959243704018,-0.21181185755854937,0.2642273330563283,-0.7157623623655776,-0.15112247290565758,-0.06766850921879304,1,0,1,0,0,0,0,0,1,17669.0
0.5258107462745383,0.05766983574484785,0.21313039132085754,0.4244682361460014,-0.4957545139932481,-0.140444824455758,-0.12896631520854548,0.936614616045897,-0.3632389597665616,-0.34771747779226003,-1.9955038002749275,0.6223109379558441,0.5196941508003292,1,0,0,0,0,1,0,1,0,8948.0
0.5258107462745383,0.05766983574484785,0.21313039132085754,0.4244682361460014,-0.19805771881209458,-0.43609423664880104,-0.2718522717204847,0.3218758305872952,3.119584391017712,-0.8321737863807257,-1.3556330813202524,0.7769976201281444,0.3728534857955486,0,1,0,0,0,1,0,1,0,10698.0
0.5258107462745383,0.05766983574484785,0.21313039132085754,0.015274068026576592,-0.32564205960401754,-0.140444824455758,-0.12896631520854548,0.936614616045897,-0.3632389597665616,-0.34771747779226003,-1.9955038002749275,0.3129375736112434,0.22601282079076807,1,0,0,0,1,0,0,1,0,9988.0
0.5258107462745383,0.05766983574484785,0.21313039132085754,0.4244682361460014,-0.32564205960401754,-0.140444824455758,-0.12896631520854548,0.936614616045897,-0.3632389597665616,-0.34771747779226003,-1.9955038002749275,0.3129375736112434,0.22601282079076807,1,0,0,0,0,1,0,1,0,10898.0
0.5258107462745383,0.05766983574484785,0.21313039132085754,0.015274068026576592,-0.24058583240940223,-0.140444824455758,-0.12896631520854548,0.936614616045897,-0.3632389597665616,-0.34771747779226003,-1.9955038002749275,0.3129375736112434,0.22601282079076807,1,0,0,0,1,0,0,1,0,11248.0
0.6074981259577963,0.692223105432891,0.766461935687268,-0.7621948514003298,0.7607579331999323,1.0667902753325011,-0.2718522717204847,0.3218758305872952,-0.21181185755854937,1.4116238533974315,0.13739859624065578,-0.7698692015948589,-0.9487124992474764,1,0,1,0,1,0,0,0,1,16558.0
0.6074981259577963,0.692223105432891,0.766461935687268,-0.7621948514003298,0.8380817761041282,1.0667902753325011,-0.2718522717204847,0.3218758305872952,-0.21181185755854937,1.4116238533974315,0.13739859624065578,-0.9245558837671592,-0.9487124992474764,1,0,1,0,1,0,0,0,1,15998.0
0.8688977409442208,1.0376128598200545,0.21313039132085754,0.09711290165046271,1.0603878244536908,1.0667902753325011,-0.2718522717204847,0.3218758305872952,-0.2370497079265517,1.2841353511373088,0.13739859624065578,-0.7698692015948589,-0.9487124992474764,1,0,0,0,0,1,0,0,1,15690.0
0.8688977409442208,1.0376128598200545,0.21313039132085754,0.09711290165046271,1.0990497459057886,0.8204157651716318,-0.2718522717204847,0.3218758305872952,-0.2370497079265517,1.2841353511373088,0.13739859624065578,-0.9245558837671592,-0.9487124992474764,1,0,0,0,0,0,1,0,1,15750.0
-0.30740052649469435,-0.2555906391644395,-0.24797922898448338,0.7518235706415429,-0.6214057587125662,-0.756381099857931,-1.2006109890480896,0.48364919518166355,3.245773642857722,-1.3676254958732406,-0.7157623623655776,1.859804395334247,2.2817821308576955,0,0,1,0,0,1,0,1,0,7775.0
-0.30740052649469435,-0.2555906391644395,-0.24797922898448338,0.7518235706415429,-0.7219267544880206,-0.460731687664888,-0.5576241847443631,0.48364919518166355,-0.2875254086625555,-0.5262013809564317,0.24404371606643493,0.3129375736112434,0.5196941508003292,1,0,1,0,0,1,0,1,0,7975.0
-0.30740052649469435,-0.2555906391644395,-0.24797922898448338,0.7518235706415429,-0.6156064704947515,-0.756381099857931,-1.2006109890480896,0.48364919518166355,3.245773642857722,-1.3676254958732406,-0.7157623623655776,1.859804395334247,2.2817821308576955,0,0,0,0,0,1,0,1,0,7995.0
-0.30740052649469435,-0.2555906391644395,-0.24797922898448338,0.7518235706415429,-0.716127466270206,-0.460731687664888,-0.5576241847443631,0.48364919518166355,-0.2875254086625555,-0.5262013809564317,0.24404371606643493,0.3129375736112434,0.5196941508003292,1,0,0,0,0,1,0,1,0,8195.0
-0.30740052649469435,-0.2555906391644395,-0.24797922898448338,0.7518235706415429,-0.5943424136960976,-0.460731687664888,-0.5576241847443631,0.48364919518166355,-0.2875254086625555,-0.5262013809564317,0.24404371606643493,0.3129375736112434,0.5196941508003292,1,0,0,0,0,1,0,1,0,8495.0
-0.30740052649469435,-0.2555906391644395,-0.24797922898448338,0.7518235706415429,-0.5092861865014824,-0.756381099857931,-1.2006109890480896,0.48364919518166355,3.245773642857722,-0.9596622886408483,-1.3556330813202524,1.859804395334247,1.6944194708385736,0,1,0,0,0,1,0,1,0,9495.0
-0.30740052649469435,-0.2555906391644395,-0.24797922898448338,0.7518235706415429,-0.5460150118809753,-0.460731687664888,-0.5576241847443631,0.48364919518166355,-0.035146904982535664,-0.1437358741760639,0.7772693151953307,0.1582508914389431,0.22601282079076807,1,0,0,0,0,1,0,1,0,9995.0
-0.7648498527209385,-1.2515983029785807,-0.8474217353814253,0.7109041538295998,-0.6349374312208004,-0.460731687664888,-0.5576241847443631,0.48364919518166355,-0.4137146605025654,-0.39871287869630906,0.7772693151953307,-0.15112247290565758,-0.2145091742235736,1,0,1,0,0,0,0,1,0,11595.0
-0.7648498527209385,-0.7375298313325732,-0.9396436594424948,-1.0077113522719854,-0.6987296016167619,-0.460731687664888,-0.5576241847443631,0.48364919518166355,-0.4137146605025654,-0.39871287869630906,0.7772693151953307,-0.15112247290565758,-0.2145091742235736,1,0,1,0,1,0,0,1,0,9980.0
0.19906122754150643,0.42715654974041656,0.3975742394429965,0.5063070697698875,0.15183267032939107,0.20447948976945887,-0.5576241847443631,0.48364919518166355,-0.4137146605025654,0.11124113034418122,0.7772693151953307,-0.9245558837671592,-0.9487124992474764,1,0,0,0,0,1,0,1,0,13295.0
0.19906122754150643,0.42715654974041656,0.3975742394429965,0.5063070697698875,-0.00668120762421016,-0.756381099857931,-1.2006109890480896,0.48364919518166355,3.245773642857722,-0.9596622886408483,-1.3556330813202524,1.2410576666450455,1.1070568108194514,0,1,0,0,0,1,0,1,0,13845.0
0.19906122754150643,0.660093825955015,0.3975742394429965,0.5063070697698875,-0.03761074478588845,-0.460731687664888,-0.5576241847443631,0.48364919518166355,-0.2875254086625555,-0.4497082796003581,0.7772693151953307,0.0035642092666427635,0.0791721557859875,1,0,0,0,0,0,1,1,0,12290.0
0.8362227890709172,1.1179360585147433,0.5359071255345975,0.9564206547012553,0.6370397845532192,0.32766674484989344,1.5499436738067378,-0.3252176277901812,-0.16133615682254557,0.21323193215227926,0.5639790755437725,-0.3058091550779579,-0.3613498392283541,1,0,0,0,0,1,0,0,1,12940.0
0.8362227890709172,1.1179360585147433,0.5359071255345975,1.4883730732565064,0.8728775054110162,0.32766674484989344,1.5499436738067378,-0.3252176277901812,-0.16133615682254557,0.21323193215227926,0.5639790755437725,-0.3058091550779579,-0.3613498392283541,1,0,0,0,0,0,1,0,1,13415.0
0.8362227890709172,1.1179360585147433,0.5359071255345975,0.9564206547012553,0.6815009942231318,0.32766674484989344,1.5499436738067378,-0.3252176277901812,-0.16133615682254557,0.21323193215227926,0.5639790755437725,-0.15112247290565758,-0.3613498392283541,1,0,0,0,0,1,0,0,1,15985.0
0.8362227890709172,1.1179360585147433,0.5359071255345975,1.4883730732565064,0.8883422739918554,0.32766674484989344,1.5499436738067378,-0.3252176277901812,-0.16133615682254557,0.21323193215227926,0.5639790755437725,-0.15112247290565758,-0.3613498392283541,1,0,0,0,0,0,1,0,1,16515.0
0.8362227890709172,1.1179360585147433,0.5359071255345975,0.9564206547012553,0.89414156220967,0.056654783672937345,0.9783998477589826,-0.3252176277901812,-0.6660931641825852,1.437121553849456,-0.07589164341090254,-1.2339292481117599,-1.2423938292570373,1,1,0,0,0,1,0,0,1,18420.0
0.8362227890709172,1.1179360585147433,0.5359071255345975,1.4883730732565064,1.110648322341418,0.056654783672937345,0.9783998477589826,-0.3252176277901812,-0.6660931641825852,1.437121553849456,-0.07589164341090254,-1.2339292481117599,-1.2423938292570373,1,1,0,0,0,0,1,0,1,18950.0
1.6204216340301931,1.1179360585147433,1.3197934800536784,0.6699847370176568,0.714363627457415,0.32766674484989344,1.5499436738067378,-0.3252176277901812,-0.16133615682254557,0.21323193215227926,0.5639790755437725,-0.3058091550779579,-0.3613498392283541,1,0,0,0,0,1,0,0,1,16845.0
1.6204216340301931,1.1179360585147433,1.2736825180231404,0.6699847370176568,0.9018739465000896,0.32766674484989344,1.5499436738067378,-0.3252176277901812,-0.3632389597665616,1.3861261529454068,0.3506888358922141,-0.9245558837671592,-0.8018718342426958,1,1,0,0,0,1,0,0,1,19045.0
1.6204216340301931,1.1179360585147433,1.3197934800536784,0.6699847370176568,0.8303493918137086,1.1160651773646748,0.8355138912470434,-1.2311484695186468,-0.33800110939855926,0.7231859411927695,0.7772693151953307,-1.0792425659394596,-1.095553164252257,1,0,0,0,0,1,0,0,1,21485.0
1.6204216340301931,1.1179360585147433,1.3197934800536784,0.6699847370176568,1.2266340866977117,0.42621654891424116,-1.2006109890480896,0.48364919518166355,3.245773642857722,0.009250328536083164,-0.7157623623655776,0.1582508914389431,-0.5081905042331347,0,1,0,0,0,1,0,0,1,22470.0
1.6204216340301931,1.1179360585147433,1.3197934800536784,0.6699847370176568,0.9270041954439532,0.32766674484989344,1.5499436738067378,-0.3252176277901812,-0.16133615682254557,0.21323193215227926,0.5639790755437725,-0.9245558837671592,-0.8018718342426958,1,1,0,0,0,1,0,0,1,22625.0
0.8362227890709172,1.1179360585147433,0.5359071255345975,0.9564206547012553,0.6370397845532192,0.32766674484989344,1.5499436738067378,-0.3252176277901812,-0.16133615682254557,0.21323193215227926,0.5639790755437725,-0.3058091550779579,-0.3613498392283541,1,0,0,0,0,1,0,0,1,12940.0
0.8362227890709172,1.1179360585147433,0.5359071255345975,1.4883730732565064,0.8728775054110162,0.32766674484989344,1.5499436738067378,-0.3252176277901812,-0.16133615682254557,0.21323193215227926,0.5639790755437725,-0.3058091550779579,-0.3613498392283541,1,0,0,0,0,0,1,0,1,13415.0
0.8362227890709172,1.1179360585147433,0.5359071255345975,0.9564206547012553,0.6815009942231318,0.32766674484989344,1.5499436738067378,-0.3252176277901812,-0.16133615682254557,0.21323193215227926,0.5639790755437725,-0.15112247290565758,-0.3613498392283541,1,0,0,0,0,1,0,0,1,15985.0
0.8362227890709172,1.1179360585147433,0.5359071255345975,1.4883730732565064,0.8883422739918554,0.32766674484989344,1.5499436738067378,-0.3252176277901812,-0.16133615682254557,0.21323193215227926,0.5639790755437725,-0.15112247290565758,-0.3613498392283541,1,0,0,0,0,0,1,0,1,16515.0
0.8362227890709172,1.1179360585147433,0.5359071255345975,0.9564206547012553,0.89414156220967,0.056654783672937345,0.9783998477589826,-0.3252176277901812,-0.6660931641825852,1.437121553849456,-0.07589164341090254,-1.2339292481117599,-1.2423938292570373,1,1,0,0,0,1,0,0,1,18420.0
0.8362227890709172,1.1179360585147433,0.5359071255345975,1.4883730732565064,1.110648322341418,0.056654783672937345,0.9783998477589826,-0.3252176277901812,-0.6660931641825852,1.437121553849456,-0.07589164341090254,-1.2339292481117599,-1.2423938292570373,1,1,0,0,0,0,1,0,1,18950.0
1.6204216340301931,1.1179360585147433,1.3197934800536784,0.6699847370176568,0.714363627457415,0.32766674484989344,1.5499436738067378,-0.3252176277901812,-0.16133615682254557,0.21323193215227926,0.5639790755437725,-0.3058091550779579,-0.3613498392283541,1,0,0,0,0,1,0,0,1,16845.0
1.6204216340301931,1.1179360585147433,1.2736825180231404,0.6699847370176568,0.9018739465000896,0.32766674484989344,1.5499436738067378,-0.3252176277901812,-0.3632389597665616,1.3861261529454068,0.3506888358922141,-0.9245558837671592,-0.8018718342426958,1,1,0,0,0,1,0,0,1,19045.0
1.6204216340301931,1.1179360585147433,1.3197934800536784,0.6699847370176568,0.8303493918137086,1.1160651773646748,0.8355138912470434,-1.2311484695186468,-0.33800110939855926,0.7231859411927695,0.7772693151953307,-1.0792425659394596,-1.095553164252257,1,0,0,0,0,1,0,0,1,21485.0
1.6204216340301931,1.1179360585147433,1.3197934800536784,0.6699847370176568,1.2266340866977117,0.42621654891424116,-1.2006109890480896,0.48364919518166355,3.245773642857722,0.009250328536083164,-0.7157623623655776,0.1582508914389431,-0.5081905042331347,0,1,0,0,0,1,0,0,1,22470.0
1.6204216340301931,1.1179360585147433,1.3197934800536784,0.6699847370176568,0.9270041954439532,0.32766674484989344,1.5499436738067378,-0.3252176277901812,-0.16133615682254557,0.21323193215227926,0.5639790755437725,-0.9245558837671592,-0.8018718342426958,1,1,0,0,0,1,0,0,1,22625.0
